Test,Model,NRMSE initial,NRMSE,Esim/Eexp,Peak error,J,Time (min),J (GA),Time GA (min)
T1,HystereticSM,18.1 %,5.9 %,0.98,4.4 %,0.112,4,0.134,1.3
T1,Pinching4,13.1 %,10.5 %,1.01,7.1 %,0.186,4,0.199,1.2
T1,DowelType,7.9 %,4.8 %,1.06,5.6 %,0.111,2,0.114,0.8
T2,HystereticSM,25.7 %,15.9 %,1.05,6.4 %,0.237,4,0.240,1.2
T2,Pinching4,18.0 %,17.7 %,1.05,6.9 %,0.264,4,0.274,1.2
T2,DowelType,15.9 %,4.5 %,1.02,4.7 %,0.096,2,0.094,0.8
T3,HystereticSM,36.1 %,5.3 %,1.05,2.8 %,0.095,4,0.104,1.4
T3,Pinching4,17.5 %,7.1 %,1.03,4.7 %,0.134,4,0.202,1.2
T3,DowelType,6.1 %,3.7 %,1.02,3.5 %,0.075,2,0.078,0.6
